{
	"info": {
		"_postman_id": "6e010169-47a5-4fb2-b7cd-706d96e75bce",
		"name": "Root",
		"schema": "https://schema.getpostman.com/json/collection/v2.1.0/collection.json"
	},
	"item": [
		{
			"name": "Accounts",
			"item": [
				{
					"name": "Register",
					"request": {
						"method": "POST",
						"header": [],
						"body": {
							"mode": "raw",
							"raw": "{\n  \"email\": \"ofadiman@gmail.com\",\n  \"password\": \"asdf1234\"\n}",
							"options": {
								"raw": {
									"language": "json"
								}
							}
						},
						"url": {
							"raw": "{{url}}/accounts/register",
							"host": [
								"{{url}}"
							],
							"path": [
								"accounts",
								"register"
							]
						}
					},
					"response": []
				},
				{
					"name": "Login as Sanchez",
					"event": [
						{
							"listen": "test",
							"script": {
								"exec": [
									"const json = pm.response.json();",
									"",
									"if(json && json.tokens && json.tokens.access) {",
									"  pm.environment.set(\"accessToken\", json.tokens.access);",
									"}",
									""
								],
								"type": "text/javascript"
							}
						}
					],
					"request": {
						"method": "POST",
						"header": [],
						"body": {
							"mode": "raw",
							"raw": "{\n  \"email\": \"sanchez.gibson@yopmail.com\",\n  \"password\": \"asdf1234\"\n}",
							"options": {
								"raw": {
									"language": "json"
								}
							}
						},
						"url": {
							"raw": "{{url}}/accounts/login",
							"host": [
								"{{url}}"
							],
							"path": [
								"accounts",
								"login"
							]
						}
					},
					"response": []
				},
				{
					"name": "Login as Daisy",
					"event": [
						{
							"listen": "test",
							"script": {
								"exec": [
									"const json = pm.response.json();",
									"",
									"if(json && json.tokens && json.tokens.access) {",
									"  pm.environment.set(\"accessToken\", json.tokens.access);",
									"}",
									""
								],
								"type": "text/javascript"
							}
						}
					],
					"request": {
						"method": "POST",
						"header": [],
						"body": {
							"mode": "raw",
							"raw": "{\n  \"email\": \"daisy.hawkins@yopmail.com\",\n  \"password\": \"asdf1234\"\n}",
							"options": {
								"raw": {
									"language": "json"
								}
							}
						},
						"url": {
							"raw": "{{url}}/accounts/login",
							"host": [
								"{{url}}"
							],
							"path": [
								"accounts",
								"login"
							]
						}
					},
					"response": []
				},
				{
					"name": "Login as Michele",
					"event": [
						{
							"listen": "test",
							"script": {
								"exec": [
									"const json = pm.response.json();",
									"",
									"if(json && json.tokens && json.tokens.access) {",
									"  pm.environment.set(\"accessToken\", json.tokens.access);",
									"}",
									""
								],
								"type": "text/javascript"
							}
						}
					],
					"request": {
						"method": "POST",
						"header": [],
						"body": {
							"mode": "raw",
							"raw": "{\n  \"email\": \"michele.alvarez@yopmail.com\",\n  \"password\": \"asdf1234\"\n}",
							"options": {
								"raw": {
									"language": "json"
								}
							}
						},
						"url": {
							"raw": "{{url}}/accounts/login",
							"host": [
								"{{url}}"
							],
							"path": [
								"accounts",
								"login"
							]
						}
					},
					"response": []
				}
			]
		},
		{
			"name": "Comments",
			"item": [
				{
					"name": "Create",
					"event": [
						{
							"listen": "prerequest",
							"script": {
								"exec": [
									"var body = {",
									"  content: pm.variables.replaceIn('{{$randomCatchPhrase}}'),",
									"  tweet: 82",
									"}",
									"",
									"pm.collectionVariables.set('req_body', JSON.stringify(body));"
								],
								"type": "text/javascript"
							}
						}
					],
					"request": {
						"method": "POST",
						"header": [],
						"body": {
							"mode": "raw",
							"raw": "{{req_body}}",
							"options": {
								"raw": {
									"language": "json"
								}
							}
						},
						"url": {
							"raw": "{{url}}/comments",
							"host": [
								"{{url}}"
							],
							"path": [
								"comments"
							]
						}
					},
					"response": []
				},
				{
					"name": "Read",
					"event": [
						{
							"listen": "prerequest",
							"script": {
								"exec": [
									""
								],
								"type": "text/javascript"
							}
						}
					],
					"request": {
						"method": "GET",
						"header": [],
						"url": {
							"raw": "{{url}}/comments/:id",
							"host": [
								"{{url}}"
							],
							"path": [
								"comments",
								":id"
							],
							"variable": [
								{
									"key": "id",
									"value": "1"
								}
							]
						}
					},
					"response": []
				},
				{
					"name": "Update",
					"event": [
						{
							"listen": "prerequest",
							"script": {
								"exec": [
									"var body = {",
									"  content: pm.variables.replaceIn('{{$randomCatchPhrase}}')",
									"}",
									"",
									"pm.collectionVariables.set('req_body', JSON.stringify(body));"
								],
								"type": "text/javascript"
							}
						}
					],
					"request": {
						"method": "PATCH",
						"header": [],
						"body": {
							"mode": "raw",
							"raw": "{{req_body}}",
							"options": {
								"raw": {
									"language": "json"
								}
							}
						},
						"url": {
							"raw": "{{url}}/comments/:id",
							"host": [
								"{{url}}"
							],
							"path": [
								"comments",
								":id"
							],
							"variable": [
								{
									"key": "id",
									"value": "1"
								}
							]
						}
					},
					"response": []
				},
				{
					"name": "Delete",
					"event": [
						{
							"listen": "prerequest",
							"script": {
								"exec": [
									""
								],
								"type": "text/javascript"
							}
						}
					],
					"request": {
						"method": "DELETE",
						"header": [],
						"url": {
							"raw": "{{url}}/comments/:id",
							"host": [
								"{{url}}"
							],
							"path": [
								"comments",
								":id"
							],
							"variable": [
								{
									"key": "id",
									"value": "1"
								}
							]
						}
					},
					"response": []
				}
			]
		},
		{
			"name": "Follows",
			"item": [
				{
					"name": "Create",
					"request": {
						"method": "POST",
						"header": [],
						"body": {
							"mode": "raw",
							"raw": "{\n  \"followee\": 3\n}",
							"options": {
								"raw": {
									"language": "json"
								}
							}
						},
						"url": {
							"raw": "{{url}}/follows",
							"host": [
								"{{url}}"
							],
							"path": [
								"follows"
							]
						}
					},
					"response": []
				},
				{
					"name": "Get",
					"request": {
						"method": "GET",
						"header": [],
						"url": {
							"raw": "{{url}}/follows/:id",
							"host": [
								"{{url}}"
							],
							"path": [
								"follows",
								":id"
							],
							"variable": [
								{
									"key": "id",
									"value": "6"
								}
							]
						}
					},
					"response": []
				},
				{
					"name": "Delete",
					"request": {
						"method": "DELETE",
						"header": [],
						"url": {
							"raw": "{{url}}/follows/:id",
							"host": [
								"{{url}}"
							],
							"path": [
								"follows",
								":id"
							],
							"variable": [
								{
									"key": "id",
									"value": "9"
								}
							]
						}
					},
					"response": []
				}
			]
		},
		{
			"name": "Timeline",
			"item": [
				{
					"name": "My timeline",
					"request": {
						"method": "GET",
						"header": [],
						"url": {
							"raw": "{{url}}/timeline/me",
							"host": [
								"{{url}}"
							],
							"path": [
								"timeline",
								"me"
							]
						}
					},
					"response": []
				},
				{
					"name": "Home timeline",
					"request": {
						"method": "GET",
						"header": [],
						"url": {
							"raw": "{{url}}/timeline/home",
							"host": [
								"{{url}}"
							],
							"path": [
								"timeline",
								"home"
							]
						}
					},
					"response": []
				}
			]
		},
		{
			"name": "Tweets",
			"item": [
				{
					"name": "Create",
					"event": [
						{
							"listen": "prerequest",
							"script": {
								"exec": [
									"var body = {",
									"  content: pm.variables.replaceIn('{{$randomCatchPhrase}}')",
									"}",
									"",
									"pm.collectionVariables.set('req_body', JSON.stringify(body));"
								],
								"type": "text/javascript"
							}
						}
					],
					"request": {
						"method": "POST",
						"header": [],
						"body": {
							"mode": "raw",
							"raw": "{{req_body}}",
							"options": {
								"raw": {
									"language": "json"
								}
							}
						},
						"url": {
							"raw": "{{url}}/tweets",
							"host": [
								"{{url}}"
							],
							"path": [
								"tweets"
							]
						}
					},
					"response": []
				},
				{
					"name": "Read",
					"request": {
						"method": "GET",
						"header": [],
						"url": {
							"raw": "{{url}}/tweets/:id",
							"host": [
								"{{url}}"
							],
							"path": [
								"tweets",
								":id"
							],
							"variable": [
								{
									"key": "id",
									"value": "46"
								}
							]
						}
					},
					"response": []
				},
				{
					"name": "Update",
					"event": [
						{
							"listen": "prerequest",
							"script": {
								"exec": [
									"var body = {",
									"  content: pm.variables.replaceIn('{{$randomCatchPhrase}}')",
									"}",
									"",
									"pm.collectionVariables.set('req_body', JSON.stringify(body));"
								],
								"type": "text/javascript"
							}
						}
					],
					"request": {
						"method": "PATCH",
						"header": [],
						"body": {
							"mode": "raw",
							"raw": "{{req_body}}",
							"options": {
								"raw": {
									"language": "json"
								}
							}
						},
						"url": {
							"raw": "{{url}}/tweets/:id",
							"host": [
								"{{url}}"
							],
							"path": [
								"tweets",
								":id"
							],
							"variable": [
								{
									"key": "id",
									"value": "82"
								}
							]
						}
					},
					"response": []
				},
				{
					"name": "Delete",
					"request": {
						"method": "DELETE",
						"header": [],
						"body": {
							"mode": "raw",
							"raw": "{\n  \"content\": \"Testing tweet create response.\",\n  \"account\": 6\n}",
							"options": {
								"raw": {
									"language": "json"
								}
							}
						},
						"url": {
							"raw": "{{url}}/tweets/:id",
							"host": [
								"{{url}}"
							],
							"path": [
								"tweets",
								":id"
							],
							"variable": [
								{
									"key": "id",
									"value": "45"
								}
							]
						}
					},
					"response": []
				}
			]
		}
	],
	"auth": {
		"type": "bearer",
		"bearer": [
			{
				"key": "token",
				"value": "{{accessToken}}",
				"type": "string"
			}
		]
	},
	"event": [
		{
			"listen": "prerequest",
			"script": {
				"type": "text/javascript",
				"exec": [
					""
				]
			}
		},
		{
			"listen": "test",
			"script": {
				"type": "text/javascript",
				"exec": [
					""
				]
			}
		}
	]
}